img_url,artist,title,time,type,year,month,day,img_arr
https://image.bugsm.co.kr/album/images/170/204453/20445333.jpg,Ahn Shim,The Past,2022.01.14,EP(¹Ì´Ï),2022,1,14,"[[[170 173 188]
  [172 175 190]
  [176 179 193]
  ...
  [ 19  28  38]
  [ 17  26  39]
  [ 17  26  39]]

 [[175 178 193]
  [174 177 192]
  [175 178 193]
  ...
  [ 19  28  38]
  [ 17  26  39]
  [ 18  27  40]]

 [[171 176 191]
  [171 176 191]
  [177 177 193]
  ...
  [ 17  27  37]
  [ 20  29  39]
  [ 19  28  38]]

 ...

 [[166 178 190]
  [166 175 188]
  [166 171 186]
  ...
  [ 23  28  37]
  [ 22  28  39]
  [ 19  28  38]]

 [[168 177 191]
  [168 175 190]
  [169 174 189]
  ...
  [ 23  28  37]
  [ 23  27  38]
  [ 21  28  37]]

 [[167 174 189]
  [168 175 190]
  [168 173 188]
  ...
  [ 24  28  39]
  [ 23  28  37]
  [ 23  28  37]]]"
https://image.bugsm.co.kr/album/images/170/204453/20445312.jpg,Rian,Loved u at 17,2022.01.14,EP(¹Ì´Ï),2022,1,14,"[[[197  80  29]
  [192  79  29]
  [187  80  36]
  ...
  [199  81  29]
  [197  78  29]
  [197  78  29]]

 [[199  82  31]
  [189  78  30]
  [187  82  39]
  ...
  [195  82  32]
  [196  81  31]
  [193  78  28]]

 [[196  81  31]
  [189  78  32]
  [183  83  41]
  ...
  [187  82  38]
  [189  81  34]
  [191  81  33]]

 ...

 [[125  31   0]
  [140  45   6]
  [145  44   6]
  ...
  [105  19   0]
  [118  22   0]
  [140  38   9]]

 [[122  31   0]
  [140  45   6]
  [145  44   6]
  ...
  [104  19   0]
  [119  23   0]
  [138  38   9]]

 [[121  30   0]
  [138  45   6]
  [145  44   6]
  ...
  [103  20   0]
  [119  23   0]
  [138  38   9]]]"
https://image.bugsm.co.kr/album/images/170/204448/20444857.jpg,Rsh,³ª´Â ¿À´Ã ¿©±â¿¡ ÀÖ´Ù,2022.01.14,EP(¹Ì´Ï),2022,1,14,"[[[226 139 159]
  [226 139 159]
  [226 139 159]
  ...
  [226 139 159]
  [226 139 159]
  [226 139 159]]

 [[226 139 159]
  [226 139 159]
  [226 139 159]
  ...
  [226 139 159]
  [226 139 159]
  [226 139 159]]

 [[226 139 159]
  [226 139 159]
  [226 139 159]
  ...
  [226 139 159]
  [226 139 159]
  [226 139 159]]

 ...

 [[226 139 159]
  [226 139 159]
  [226 139 159]
  ...
  [226 139 159]
  [226 139 159]
  [226 139 159]]

 [[226 139 159]
  [226 139 159]
  [226 139 159]
  ...
  [226 139 159]
  [226 139 159]
  [226 139 159]]

 [[226 139 159]
  [226 139 159]
  [226 139 159]
  ...
  [226 139 159]
  [226 139 159]
  [226 139 159]]]"
https://image.bugsm.co.kr/album/images/170/40701/4070127.jpg,D2ear,CLICHE,2022.01.14,EP(¹Ì´Ï),2022,1,14,"[[[ 78  36  13]
  [ 77  36  13]
  [ 75  33  14]
  ...
  [ 72  37  17]
  [ 73  36  14]
  [ 81  44  22]]

 [[ 78  36  13]
  [ 77  36  13]
  [ 77  36  14]
  ...
  [ 73  36  14]
  [ 68  31   9]
  [ 84  47  25]]

 [[ 77  36  13]
  [ 78  37  14]
  [ 77  35  12]
  ...
  [ 69  30   8]
  [ 78  39  17]
  [ 77  40  18]]

 ...

 [[245 170 198]
  [247 171 202]
  [246 170 202]
  ...
  [247 172 224]
  [241 166 218]
  [250 175 226]]

 [[250 174 208]
  [246 170 204]
  [249 172 209]
  ...
  [247 171 225]
  [249 173 227]
  [247 173 225]]

 [[243 169 205]
  [246 172 208]
  [247 170 208]
  ...
  [249 172 229]
  [245 170 224]
  [252 177 231]]]"
https://image.bugsm.co.kr/album/images/170/204454/20445478.jpg,²¿¸¶°ß(Ggomagyun),¸¾´ë·Î »ì¾Æº¸ÀÚ,2022.01.14,½Ì±Û,2022,1,14,"[[[172 223  35]
  [172 223  35]
  [172 223  35]
  ...
  [209 224   3]
  [210 225   3]
  [210 225   3]]

 [[172 223  35]
  [172 223  35]
  [172 223  35]
  ...
  [209 224   3]
  [210 225   3]
  [210 225   3]]

 [[172 223  35]
  [172 223  35]
  [172 223  35]
  ...
  [209 224   3]
  [210 225   3]
  [210 225   3]]

 ...

 [[172 223  35]
  [172 223  35]
  [172 223  35]
  ...
  [209 224   3]
  [210 225   3]
  [210 225   3]]

 [[172 223  35]
  [172 223  35]
  [172 223  35]
  ...
  [209 224   3]
  [210 225   3]
  [210 225   3]]

 [[172 223  35]
  [172 223  35]
  [172 223  35]
  ...
  [209 224   3]
  [210 225   3]
  [210 225   3]]]"
https://image.bugsm.co.kr/album/images/170/204453/20445394.jpg,RyoT(·áÆ¼),Digital Hood 2,2022.01.14,½Ì±Û,2022,1,14,"[[[ 49  34 142]
  [ 47  32 140]
  [ 48  32 140]
  ...
  [ 57  32 142]
  [ 58  34 142]
  [ 56  32 140]]

 [[ 48  33 141]
  [ 47  32 140]
  [ 49  33 141]
  ...
  [ 56  31 141]
  [ 57  33 141]
  [ 55  32 140]]

 [[ 46  33 141]
  [ 45  32 140]
  [ 48  32 143]
  ...
  [ 57  34 143]
  [ 57  34 142]
  [ 53  33 140]]

 ...

 [[ 47  30  27]
  [ 50  33  30]
  [ 39  26  24]
  ...
  [ 77  53  47]
  [ 80  52  45]
  [ 80  52  45]]

 [[ 32  20  18]
  [ 31  19  17]
  [ 36  24  24]
  ...
  [ 81  53  46]
  [ 80  52  45]
  [ 81  53  46]]

 [[ 29  21  21]
  [ 29  21  21]
  [ 33  21  21]
  ...
  [ 80  51  44]
  [ 79  51  44]
  [ 80  52  45]]]"
https://image.bugsm.co.kr/album/images/170/204453/20445332.jpg,ÀÌ¿øÇý,winters come and go,2022.01.14,½Ì±Û,2022,1,14,"[[[224  98  39]
  [224  98  39]
  [225  99  40]
  ...
  [226  97  40]
  [223  97  38]
  [224  98  39]]

 [[225  99  40]
  [224  98  39]
  [224  98  39]
  ...
  [226  97  40]
  [224  98  39]
  [224  98  39]]

 [[227  99  40]
  [225  99  40]
  [227 102  41]
  ...
  [226  97  40]
  [224  98  39]
  [224 100  40]]

 ...

 [[178 128 116]
  [177 127 115]
  [175 126 112]
  ...
  [175 125 113]
  [174 125 111]
  [174 125 111]]

 [[174 127 113]
  [174 127 113]
  [175 126 112]
  ...
  [176 126 114]
  [175 128 114]
  [172 125 111]]

 [[176 129 115]
  [174 127 113]
  [174 125 111]
  ...
  [175 125 113]
  [171 124 110]
  [173 126 112]]]"
https://image.bugsm.co.kr/album/images/170/204452/20445284.jpg,sharonpiano,"ºû³ª´Â º°¾Æ·¡, ºû³ª´Â ³Ê¿¡°Ô",2022.01.14,½Ì±Û,2022,1,14,"[[[34  1  5]
  [33  0  4]
  [33  0  5]
  ...
  [38  0  0]
  [38  0  0]
  [39  1  1]]

 [[33  0  4]
  [33  0  4]
  [33  0  5]
  ...
  [38  0  0]
  [38  0  0]
  [38  0  0]]

 [[31  0  3]
  [32  1  4]
  [32  1  4]
  ...
  [38  0  0]
  [38  0  0]
  [38  0  0]]

 ...

 [[42  5 13]
  [42  5 13]
  [44  5 13]
  ...
  [ 6  1  2]
  [ 7  1  2]
  [ 7  1  2]]

 [[43  6 16]
  [43  6 16]
  [42  5 13]
  ...
  [10  2  3]
  [11  1  1]
  [11  1  1]]

 [[43  6 16]
  [43  6 16]
  [42  5 13]
  ...
  [13  2  4]
  [15  3  3]
  [15  3  3]]]"
https://image.bugsm.co.kr/album/images/170/204452/20445283.jpg,À²ÅÂ,Memory,2022.01.14,½Ì±Û,2022,1,14,"[[[15 16 20]
  [15 16 20]
  [15 16 20]
  ...
  [16 17 21]
  [15 16 20]
  [15 16 20]]

 [[15 16 20]
  [15 16 20]
  [15 16 20]
  ...
  [16 17 21]
  [15 16 20]
  [15 16 20]]

 [[15 16 20]
  [15 16 20]
  [15 16 20]
  ...
  [16 17 21]
  [15 16 20]
  [15 16 20]]

 ...

 [[14 17 21]
  [14 17 21]
  [14 17 21]
  ...
  [25 28 32]
  [25 28 32]
  [24 27 31]]

 [[15 16 20]
  [14 17 21]
  [14 17 21]
  ...
  [24 29 32]
  [25 30 33]
  [23 28 31]]

 [[15 16 20]
  [16 17 21]
  [14 17 21]
  ...
  [25 30 33]
  [24 29 32]
  [23 28 31]]]"
https://image.bugsm.co.kr/album/images/170/204452/20445265.jpg,°ú³ª,ÀúÀ½ ÀÚ¶ûÇÏ´Â ³ë·¡,2022.01.14,½Ì±Û,2022,1,14,"[[[120  48   0]
  [120  48   0]
  [120  48   0]
  ...
  [120  48   0]
  [120  48   0]
  [120  48   0]]

 [[120  48   0]
  [120  48   0]
  [120  48   0]
  ...
  [120  48   0]
  [120  48   0]
  [120  48   0]]

 [[120  48   0]
  [120  48   0]
  [120  48   0]
  ...
  [120  48   0]
  [120  48   0]
  [120  48   0]]

 ...

 [[120  48   0]
  [120  48   0]
  [120  48   0]
  ...
  [120  48   0]
  [120  48   0]
  [120  48   0]]

 [[120  48   0]
  [120  48   0]
  [120  48   0]
  ...
  [120  48   0]
  [120  48   0]
  [120  48   0]]

 [[120  48   0]
  [120  48   0]
  [120  48   0]
  ...
  [120  48   0]
  [120  48   0]
  [120  48   0]]]"
https://image.bugsm.co.kr/album/images/170/204451/20445126.jpg,Çý¶õ,±â´Ù·Á,2022.01.14,½Ì±Û,2022,1,14,"[[[ 0  0  0]
  [ 0  0  0]
  [ 2  2  2]
  ...
  [13 18 17]
  [16 18 18]
  [15 17 17]]

 [[ 0  0  0]
  [ 2  2  2]
  [ 2  2  2]
  ...
  [12 17 16]
  [10 12 12]
  [11 13 13]]

 [[ 1  1  1]
  [ 1  1  1]
  [ 1  1  1]
  ...
  [13 15 15]
  [13 15 15]
  [14 16 16]]

 ...

 [[ 3  5  5]
  [ 2  4  4]
  [ 1  6  5]
  ...
  [ 7  5  4]
  [ 5  4  0]
  [ 5  4  0]]

 [[ 0  5  4]
  [ 0  5  4]
  [ 3  5  5]
  ...
  [ 5  4  0]
  [ 2  3  0]
  [ 4  5  1]]

 [[ 0  4  3]
  [ 0  5  4]
  [ 3  5  5]
  ...
  [ 6  5  1]
  [ 4  5  1]
  [ 6  7  3]]]"
https://image.bugsm.co.kr/album/images/170/204451/20445111.jpg,ÀÌ±Ô¶ó,¿ì¸® Çì¾îÁö´Ù ¸øÇØ,2022.01.14,½Ì±Û,2022,1,14,"[[[176 168 155]
  [178 170 157]
  [178 168 158]
  ...
  [157 147 137]
  [158 149 139]
  [156 147 137]]

 [[170 162 149]
  [171 163 150]
  [174 164 154]
  ...
  [157 147 137]
  [156 147 137]
  [156 147 137]]

 [[174 165 152]
  [174 165 152]
  [176 164 154]
  ...
  [157 147 137]
  [157 148 138]
  [157 148 138]]

 ...

 [[180 171 161]
  [175 166 156]
  [179 171 158]
  ...
  [137 127 120]
  [138 131 122]
  [134 128 117]]

 [[178 169 159]
  [185 176 166]
  [189 181 168]
  ...
  [135 125 118]
  [132 125 116]
  [129 122 113]]

 [[178 169 159]
  [187 178 168]
  [189 181 168]
  ...
  [147 137 130]
  [145 138 129]
  [143 136 127]]]"
https://image.bugsm.co.kr/album/images/170/204450/20445083.jpg,µ¿È­,I,2022.01.14,½Ì±Û,2022,1,14,"[[[253 249 244]
  [255 251 246]
  [254 251 246]
  ...
  [233 230 252]
  [230 225 252]
  [233 230 255]]

 [[255 251 246]
  [254 251 246]
  [255 252 248]
  ...
  [234 230 255]
  [231 228 254]
  [227 224 250]]

 [[254 251 247]
  [254 253 249]
  [254 255 253]
  ...
  [227 223 252]
  [230 226 255]
  [231 227 255]]

 ...

 [[255 239 242]
  [251 234 237]
  [255 233 238]
  ...
  [253 252 254]
  [251 253 253]
  [252 254 254]]

 [[255 242 244]
  [253 236 239]
  [254 232 237]
  ...
  [253 253 253]
  [254 254 254]
  [254 254 254]]

 [[255 242 244]
  [254 237 240]
  [254 232 237]
  ...
  [255 255 255]
  [255 255 255]
  [255 255 255]]]"
https://image.bugsm.co.kr/album/images/170/204450/20445002.jpg,·¯ºê¿¢½ºÅ×·¹¿À(Love X Stereo),All3,2022.01.14,½Ì±Û,2022,1,14,"[[[253  18 162]
  [255  20 164]
  [254  18 166]
  ...
  [255 112 191]
  [255 113 192]
  [255 113 192]]

 [[255  19 166]
  [255  19 166]
  [254  18 165]
  ...
  [255 113 192]
  [255 113 192]
  [255 113 192]]

 [[253  19 167]
  [253  20 166]
  [254  21 167]
  ...
  [255 113 192]
  [255 113 192]
  [255 113 192]]

 ...

 [[254 136 189]
  [255 137 188]
  [255 137 186]
  ...
  [255 249  18]
  [255 251  19]
  [255 251  19]]

 [[254 136 185]
  [254 136 185]
  [255 139 186]
  ...
  [252 247  18]
  [252 247  18]
  [252 247  18]]

 [[255 137 185]
  [255 137 185]
  [255 139 186]
  ...
  [255 251  22]
  [255 250  21]
  [255 250  21]]]"
https://image.bugsm.co.kr/album/images/170/204449/20444985.jpg,±è¹ÎÁ¤,ÇÏ´Ã»ö,2022.01.14,½Ì±Û,2022,1,14,"[[[255 255 255]
  [255 255 255]
  [255 255 255]
  ...
  [255 255 255]
  [255 255 255]
  [255 255 255]]

 [[255 255 254]
  [255 254 250]
  [255 254 249]
  ...
  [255 252 244]
  [255 254 251]
  [255 255 254]]

 [[255 255 252]
  [240 233 224]
  [214 199 183]
  ...
  [196 169 143]
  [236 222 210]
  [255 255 249]]

 ...

 [[253 255 255]
  [166 168 168]
  [  0   0   1]
  ...
  [  0   0  11]
  [116 120 125]
  [250 255 255]]

 [[255 255 255]
  [197 199 199]
  [ 83  85  86]
  ...
  [126 130 135]
  [188 192 193]
  [251 255 255]]

 [[255 255 255]
  [255 255 255]
  [253 255 255]
  ...
  [251 255 255]
  [253 255 255]
  [253 255 255]]]"
https://image.bugsm.co.kr/album/images/170/204448/20444858.jpg,Á¦ÀÌÄÉÀÌ¿¤,¸ÅÆ®¸¯½º,2022.01.14,½Ì±Û,2022,1,14,"[[[138 165 175]
  [141 168 178]
  [132 160 171]
  ...
  [138 167 176]
  [133 162 171]
  [139 168 177]]

 [[141 168 178]
  [133 162 171]
  [135 163 174]
  ...
  [135 164 173]
  [138 167 176]
  [135 164 173]]

 [[135 164 173]
  [139 168 177]
  [140 168 179]
  ...
  [135 164 173]
  [140 169 178]
  [143 172 181]]

 ...

 [[173 200 234]
  [177 205 240]
  [175 204 243]
  ...
  [163 196 241]
  [164 197 242]
  [159 193 236]]

 [[168 194 218]
  [173 200 226]
  [175 202 236]
  ...
  [165 196 241]
  [162 195 240]
  [162 195 240]]

 [[157 183 200]
  [161 188 209]
  [178 203 235]
  ...
  [168 200 243]
  [160 193 239]
  [160 193 239]]]"
https://image.bugsm.co.kr/album/images/170/204447/20444702.jpg,Âû¸®ºó¿÷½º,¿ì¸® »ç¶ûÀº,2022.01.14,½Ì±Û,2022,1,14,"[[[198 220 245]
  [198 220 245]
  [198 220 245]
  ...
  [220 226 239]
  [222 228 241]
  [223 229 242]]

 [[197 219 244]
  [198 220 245]
  [200 222 247]
  ...
  [224 230 243]
  [223 229 242]
  [225 231 244]]

 [[197 219 244]
  [198 220 245]
  [201 221 246]
  ...
  [226 229 243]
  [224 230 243]
  [224 230 243]]

 ...

 [[ 55  72  99]
  [ 55  72  99]
  [ 55  69  98]
  ...
  [ 50  71  99]
  [ 52  74 102]
  [ 51  73 101]]

 [[ 53  67  96]
  [ 54  68  97]
  [ 55  71 100]
  ...
  [ 52  68  97]
  [ 55  73 102]
  [ 54  75 103]]

 [[ 51  65  94]
  [ 54  68  97]
  [ 53  69  98]
  ...
  [ 50  66  95]
  [ 53  69  98]
  [ 52  70  99]]]"
https://image.bugsm.co.kr/album/images/170/204446/20444647.jpg,³ªÇö°æ,ºÏ±Ø¼º,2022.01.14,½Ì±Û,2022,1,14,"[[[223 227 228]
  [220 224 225]
  [224 226 227]
  ...
  [223 227 228]
  [225 227 228]
  [221 223 224]]

 [[224 228 229]
  [220 224 225]
  [219 221 222]
  ...
  [219 223 224]
  [223 225 226]
  [226 228 229]]

 [[222 226 227]
  [217 221 222]
  [218 220 221]
  ...
  [220 224 225]
  [223 227 228]
  [223 227 228]]

 ...

 [[226 230 231]
  [226 230 231]
  [229 231 232]
  ...
  [225 227 228]
  [221 225 226]
  [222 226 227]]

 [[227 229 230]
  [225 227 228]
  [224 226 227]
  ...
  [222 226 227]
  [222 226 227]
  [222 226 227]]

 [[228 230 231]
  [225 227 228]
  [224 226 227]
  ...
  [223 227 228]
  [224 228 229]
  [224 228 229]]]"
https://image.bugsm.co.kr/album/images/170/204445/20444597.jpg,Gluebe,ÃëÇØ¼­,2022.01.14,½Ì±Û,2022,1,14,"[[[  0   0   0]
  [  0   0   0]
  [  0   0   0]
  ...
  [182 182 182]
  [184 184 184]
  [183 183 183]]

 [[  0   0   0]
  [  0   0   0]
  [  0   0   0]
  ...
  [179 179 179]
  [181 181 181]
  [182 182 182]]

 [[  0   0   0]
  [  0   0   0]
  [  0   0   0]
  ...
  [184 182 182]
  [182 183 181]
  [181 182 180]]

 ...

 [[186 186 186]
  [185 185 185]
  [185 185 185]
  ...
  [190 190 190]
  [188 188 188]
  [188 188 188]]

 [[188 188 188]
  [185 185 185]
  [185 185 185]
  ...
  [186 186 186]
  [185 185 185]
  [185 185 185]]

 [[189 189 189]
  [187 187 187]
  [185 185 185]
  ...
  [187 187 187]
  [186 186 186]
  [186 186 186]]]"
https://image.bugsm.co.kr/album/images/170/204444/20444470.jpg,orange flavored cigarettes,noah,2022.01.14,½Ì±Û,2022,1,14,"[[[232 250 251]
  [230 250 251]
  [230 250 251]
  ...
  [230 250 251]
  [230 250 251]
  [230 250 251]]

 [[232 250 251]
  [229 249 250]
  [228 249 250]
  ...
  [230 250 251]
  [230 250 251]
  [230 250 251]]

 [[229 250 248]
  [228 250 248]
  [228 250 248]
  ...
  [230 250 251]
  [230 250 251]
  [230 250 251]]

 ...

 [[228 250 248]
  [228 250 248]
  [228 250 248]
  ...
  [230 250 251]
  [230 250 251]
  [230 250 251]]

 [[228 250 248]
  [228 250 248]
  [228 250 248]
  ...
  [230 250 251]
  [230 250 251]
  [230 250 251]]

 [[228 250 248]
  [228 250 248]
  [228 250 248]
  ...
  [230 250 251]
  [230 250 251]
  [230 250 251]]]"
https://image.bugsm.co.kr/album/images/170/204410/20441023.jpg,ÁÖ¼º,Á¹¸° ¸»,2022.01.14,½Ì±Û,2022,1,14,"[[[ 41  40  42]
  [ 41  40  42]
  [ 40  39  41]
  ...
  [ 32  69 113]
  [ 33  71 113]
  [ 32  72 114]]

 [[ 40  39  41]
  [ 41  40  42]
  [ 40  39  41]
  ...
  [ 32  69 113]
  [ 31  71 113]
  [ 34  74 116]]

 [[ 38  40  40]
  [ 40  40  40]
  [ 40  40  40]
  ...
  [ 32  69 113]
  [ 32  72 114]
  [ 30  72 114]]

 ...

 [[ 45  46  44]
  [ 40  41  39]
  [ 41  41  41]
  ...
  [167 217 247]
  [169 216 247]
  [168 216 244]]

 [[ 51  53  53]
  [ 41  43  43]
  [ 42  42  42]
  ...
  [165 216 249]
  [173 219 250]
  [176 221 248]]

 [[ 45  50  49]
  [ 38  43  42]
  [ 39  39  39]
  ...
  [150 202 238]
  [160 206 237]
  [169 212 239]]]"
https://image.bugsm.co.kr/album/images/170/40701/4070131.jpg,ºÐ¸®¼ö°Å¹êµå(BLSG),¶ß°Å¿öÁöÁö¸¶¿ä,2022.01.14,½Ì±Û,2022,1,14,"[[[103 175 247]
  [103 175 247]
  [103 171 246]
  ...
  [ 90 162 240]
  [ 91 163 240]
  [ 95 167 244]]

 [[ 99 171 243]
  [102 171 244]
  [101 170 243]
  ...
  [ 96 166 243]
  [ 91 163 240]
  [ 97 169 246]]

 [[103 172 245]
  [100 169 242]
  [100 169 239]
  ...
  [ 96 164 239]
  [ 92 162 239]
  [ 97 169 246]]

 ...

 [[109 177 244]
  [112 180 247]
  [111 179 246]
  ...
  [115 179 243]
  [114 181 244]
  [116 183 246]]

 [[115 181 246]
  [116 182 247]
  [115 180 248]
  ...
  [114 180 245]
  [114 180 245]
  [114 180 245]]

 [[117 181 245]
  [117 181 245]
  [116 179 247]
  ...
  [114 180 245]
  [114 180 245]
  [114 180 245]]]"
https://image.bugsm.co.kr/album/images/170/40701/4070113.jpg,Å©·ç¼È½ºÅ¸ (CRUCiAL STAR),2022,2022.01.14,½Ì±Û,2022,1,14,"[[[ 9  9  9]
  [ 8  8  8]
  [ 9  9  9]
  ...
  [ 9  9  9]
  [ 9  9  9]
  [ 9  9  9]]

 [[10 10 10]
  [ 9  9  9]
  [ 8  8  8]
  ...
  [ 8  8  8]
  [ 8  8  8]
  [ 8  8  8]]

 [[ 9  9  9]
  [ 7  7  7]
  [ 7  7  7]
  ...
  [ 8  8  8]
  [ 9  9  9]
  [ 9  9  9]]

 ...

 [[ 9  9  9]
  [ 8  8  8]
  [ 9  9  9]
  ...
  [ 9  9  9]
  [ 8  8  8]
  [ 9  9  9]]

 [[ 9  9  9]
  [ 8  8  8]
  [ 8  8  8]
  ...
  [ 9  9  9]
  [ 8  8  8]
  [ 9  9  9]]

 [[ 8  8  8]
  [ 8  8  8]
  [ 8  8  8]
  ...
  [ 9  9  9]
  [ 8  8  8]
  [ 9  9  9]]]"
https://image.bugsm.co.kr/album/images/170/40701/4070109.jpg,¸á¶ó (Mela),KAIROS Part.1,2022.01.14,½Ì±Û,2022,1,14,"[[[ 35  91  62]
  [ 40  96  67]
  [ 58 116  88]
  ...
  [ 61 125  95]
  [ 78 148 117]
  [ 69 143 109]]

 [[ 61 119  90]
  [ 71 129 100]
  [ 76 134 106]
  ...
  [ 67 131 102]
  [ 48 115  84]
  [ 41 110  77]]

 [[ 69 129  99]
  [ 68 130 100]
  [ 72 133 105]
  ...
  [ 52 111  83]
  [ 53 113  83]
  [ 61 121  91]]

 ...

 [[ 57 119  89]
  [ 54 116  86]
  [ 58 122  92]
  ...
  [ 60 124  95]
  [ 71 133 103]
  [ 63 127  97]]

 [[ 69 128 100]
  [ 57 118  90]
  [ 45 109  79]
  ...
  [ 81 145 116]
  [ 80 141 113]
  [ 63 124  96]]

 [[ 79 138 110]
  [ 65 126  98]
  [ 48 112  82]
  ...
  [ 56 120  91]
  [ 61 122  94]
  [ 85 144 116]]]"
https://image.bugsm.co.kr/album/images/170/204454/20445497.jpg,Various Artists,Ã»Ãá¸¶ÀÌÅ© ÀüºÏ,2022.01.14,ÄÄÇÊ·¹ÀÌ¼Ç,2022,1,14,"[[[255 255 255]
  [255 255 255]
  [253 255 255]
  ...
  [253 255 255]
  [255 255 255]
  [255 255 255]]

 [[255 255 255]
  [255 255 255]
  [252 254 254]
  ...
  [252 254 254]
  [255 255 255]
  [255 255 255]]

 [[255 255 255]
  [254 254 254]
  [215 215 215]
  ...
  [234 235 233]
  [254 254 254]
  [254 254 254]]

 ...

 [[255 255 255]
  [255 255 255]
  [248 248 248]
  ...
  [253 253 253]
  [255 255 255]
  [255 255 255]]

 [[255 255 255]
  [255 255 255]
  [255 255 255]
  ...
  [255 255 255]
  [255 255 255]
  [255 255 255]]

 [[255 255 255]
  [255 255 255]
  [255 255 255]
  ...
  [255 255 255]
  [255 255 255]
  [255 255 255]]]"
https://image.bugsm.co.kr/album/images/170/204453/20445337.jpg,NUIT,NUITRAX 001,2022.01.14,ÄÄÇÊ·¹ÀÌ¼Ç,2022,1,14,"[[[0 0 0]
  [0 0 0]
  [0 0 0]
  ...
  [0 0 0]
  [0 0 0]
  [0 0 0]]

 [[0 0 0]
  [0 0 0]
  [0 0 0]
  ...
  [0 0 0]
  [0 0 0]
  [0 0 0]]

 [[0 0 0]
  [0 0 0]
  [0 0 0]
  ...
  [0 0 0]
  [0 0 0]
  [0 0 0]]

 ...

 [[0 0 0]
  [0 0 0]
  [0 0 0]
  ...
  [0 0 0]
  [0 0 0]
  [0 0 0]]

 [[0 0 0]
  [0 0 0]
  [0 0 0]
  ...
  [0 0 0]
  [0 0 0]
  [0 0 0]]

 [[0 0 0]
  [0 0 0]
  [0 0 0]
  ...
  [0 0 0]
  [0 0 0]
  [0 0 0]]]"
https://image.bugsm.co.kr/album/images/170/204450/20445079.jpg,Various Artists,< ÀÇÁ¤ºÎ½Ã Ã»³â¿¹¼úÀÎ ÄÄÇÊ·¹ÀÌ¼Ç Vol.01 > Tufting,2022.01.14,ÄÄÇÊ·¹ÀÌ¼Ç,2022,1,14,"[[[ 39 112   0]
  [ 53 127   9]
  [ 44 118  12]
  ...
  [ 20  99   0]
  [ 46 129  20]
  [ 30 116   6]]

 [[ 60 133   9]
  [ 62 136  16]
  [ 43 116   6]
  ...
  [ 48 125  14]
  [ 37 119   7]
  [ 12  96   0]]

 [[ 57 131   1]
  [ 73 146  22]
  [ 45 117   3]
  ...
  [ 45 122   7]
  [ 28 106   0]
  [ 37 117   4]]

 ...

 [[ 40 136   0]
  [ 57 149  12]
  [ 48 136   6]
  ...
  [ 78 156  18]
  [ 45 124   0]
  [ 36 115   0]]

 [[ 40 123   0]
  [ 50 132   3]
  [ 56 136  13]
  ...
  [ 51 125   0]
  [ 35 109   0]
  [ 52 124  10]]

 [[ 47 124   0]
  [ 70 147  20]
  [ 44 120   2]
  ...
  [ 60 133  11]
  [ 39 109   0]
  [ 55 124  13]]]"
https://image.bugsm.co.kr/album/images/170/204450/20445067.jpg,Various Artists,2021 ºñ´õ½ºÅ¸ ÄÜÅ×½ºÆ® TOP3,2022.01.14,ÄÄÇÊ·¹ÀÌ¼Ç,2022,1,14,"[[[  0 178 247]
  [  0 178 247]
  [  0 178 247]
  ...
  [151  64   0]
  [151  64   2]
  [151  64   2]]

 [[  0 178 247]
  [  0 179 248]
  [  0 178 247]
  ...
  [151  64   0]
  [151  64   2]
  [151  64   2]]

 [[  0 177 246]
  [  0 178 247]
  [  0 178 247]
  ...
  [152  65   1]
  [151  64   2]
  [151  64   2]]

 ...

 [[  0 178 247]
  [  0 178 247]
  [  0 178 247]
  ...
  [255 241 255]
  [255 240 255]
  [255 241 255]]

 [[  0 178 247]
  [  0 178 247]
  [  0 178 247]
  ...
  [199 145 255]
  [202 146 255]
  [200 146 255]]

 [[  0 178 247]
  [  0 178 247]
  [  0 178 247]
  ...
  [ 97  23 181]
  [ 97  23 181]
  [ 97  23 181]]]"
https://image.bugsm.co.kr/album/images/170/204449/20444965.jpg,±è¹Î¼­,Closing a dairy of my teenager,2022.01.13,EP(¹Ì´Ï),2022,1,13,"[[[215 217 217]
  [216 218 218]
  [218 218 218]
  ...
  [202 207 206]
  [202 207 206]
  [202 207 206]]

 [[216 218 218]
  [216 218 218]
  [218 218 218]
  ...
  [202 207 206]
  [203 208 207]
  [204 209 208]]

 [[216 218 218]
  [216 218 218]
  [216 218 218]
  ...
  [206 208 209]
  [203 207 208]
  [203 207 208]]

 ...

 [[203 208 207]
  [203 208 207]
  [203 208 207]
  ...
  [208 213 212]
  [208 213 212]
  [209 214 213]]

 [[201 206 205]
  [203 208 207]
  [203 209 208]
  ...
  [206 211 210]
  [210 215 213]
  [211 216 214]]

 [[201 206 205]
  [201 206 205]
  [201 207 206]
  ...
  [208 213 212]
  [207 212 210]
  [208 213 211]]]"
https://image.bugsm.co.kr/album/images/170/204449/20444941.jpg,¼Õ¹ü,´Ù¼¸ ¹øÂ° ¹Ì´Ï¾Ù¹ü,2022.01.13,EP(¹Ì´Ï),2022,1,13,"[[[241 243 243]
  [241 243 243]
  [240 242 242]
  ...
  [241 243 243]
  [241 243 243]
  [241 243 243]]

 [[238 240 240]
  [240 242 242]
  [240 242 242]
  ...
  [242 244 244]
  [241 243 243]
  [240 242 242]]

 [[240 242 242]
  [240 242 242]
  [240 242 242]
  ...
  [240 242 242]
  [240 242 242]
  [241 243 243]]

 ...

 [[230 234 235]
  [228 232 233]
  [228 233 232]
  ...
  [229 231 231]
  [228 233 232]
  [228 233 232]]

 [[230 235 234]
  [231 236 235]
  [233 235 236]
  ...
  [229 234 233]
  [233 237 238]
  [232 236 237]]

 [[230 235 234]
  [228 233 232]
  [229 231 232]
  ...
  [232 237 236]
  [229 233 234]
  [228 232 233]]]"
https://image.bugsm.co.kr/album/images/170/204448/20444801.jpg,ÇÁ¸®ÇÑ,³Ê¿¡°Ô ´ê±â¸¦,2022.01.13,EP(¹Ì´Ï),2022,1,13,"[[[  5  17  21]
  [ 10  22  24]
  [ 12  19  22]
  ...
  [150 141 128]
  [164 155 145]
  [160 153 144]]

 [[  6  18  22]
  [ 10  22  24]
  [ 11  19  19]
  ...
  [114 104  94]
  [143 136 127]
  [164 159 150]]

 [[  6  19  21]
  [  8  20  22]
  [  9  19  19]
  ...
  [ 36  29  20]
  [ 61  55  48]
  [149 146 138]]

 ...

 [[  0   2   2]
  [  0   2   2]
  [  0   2   2]
  ...
  [ 24  37  45]
  [ 45  60  69]
  [  7  24  33]]

 [[  0   2   3]
  [  1   3   4]
  [  2   4   5]
  ...
  [  0   5  12]
  [  1  10  19]
  [  0   7  17]]

 [[  0   2   3]
  [  0   2   3]
  [  1   3   4]
  ...
  [  0   3   8]
  [  0   4  13]
  [ 68  74  85]]]"
https://image.bugsm.co.kr/album/images/170/204447/20444775.jpg,paradog3000,paradog3000-instant music1,2022.01.13,EP(¹Ì´Ï),2022,1,13,"[[[216 197 214]
  [219 200 217]
  [221 203 220]
  ...
  [ 30   0  18]
  [ 15   0  19]
  [  3   0  15]]

 [[247 227 246]
  [249 229 248]
  [249 230 249]
  ...
  [ 33   0  20]
  [ 15   0  19]
  [  3   0  15]]

 [[252 231 253]
  [253 232 254]
  [253 232 254]
  ...
  [ 38   0  22]
  [ 15   0  19]
  [  1   1  15]]

 ...

 [[  0 187 160]
  [  0 195 167]
  [  0 202 176]
  ...
  [  0  92  81]
  [  0  89  75]
  [  0  72  58]]

 [[  0 187 160]
  [  0 189 162]
  [  0 193 167]
  ...
  [  0   9   3]
  [  0   7   1]
  [  0   7   0]]

 [[  0 176 148]
  [  1 187 158]
  [  1 191 166]
  ...
  [ 21  56  52]
  [  0   6   4]
  [  5   6   4]]]"
https://image.bugsm.co.kr/album/images/170/204446/20444648.jpg,°­Çö±â,³»°¡ ¾Æ´Â »ç¶û (LOVE 1),2022.01.13,EP(¹Ì´Ï),2022,1,13,"[[[166 163 242]
  [166 163 242]
  [166 163 242]
  ...
  [199 205 246]
  [199 205 246]
  [198 204 245]]

 [[166 163 242]
  [166 163 242]
  [166 163 242]
  ...
  [199 205 246]
  [199 205 246]
  [198 204 245]]

 [[166 163 242]
  [166 163 242]
  [166 163 242]
  ...
  [199 205 246]
  [199 205 246]
  [198 204 247]]

 ...

 [[230 206 154]
  [231 207 155]
  [231 206 156]
  ...
  [129 122 219]
  [126 122 218]
  [127 123 219]]

 [[234 208 154]
  [233 207 153]
  [234 207 156]
  ...
  [128 120 220]
  [126 121 220]
  [126 121 220]]

 [[232 206 152]
  [232 206 152]
  [231 204 153]
  ...
  [130 122 223]
  [128 122 223]
  [128 122 223]]]"
https://image.bugsm.co.kr/album/images/170/204451/20445116.jpg,±è¾Æ¸²,¿ì¸® µÑ »çÀÌ¿¡¼­,2022.01.13,½Ì±Û,2022,1,13,"[[[255 255 255]
  [255 255 255]
  [255 255 255]
  ...
  [ 79  83  88]
  [ 78  84  91]
  [ 76  82  89]]

 [[255 255 255]
  [255 255 255]
  [255 255 255]
  ...
  [ 77  80  88]
  [ 76  82  89]
  [ 77  83  90]]

 [[255 255 255]
  [255 255 255]
  [255 255 255]
  ...
  [ 75  81  88]
  [ 77  83  90]
  [ 73  79  86]]

 ...

 [[255 255 255]
  [255 255 255]
  [255 255 255]
  ...
  [ 27  31   2]
  [ 27  31   2]
  [ 26  30   1]]

 [[255 255 255]
  [255 255 255]
  [255 255 255]
  ...
  [ 27  31   2]
  [ 25  29   0]
  [ 26  30   1]]

 [[255 255 255]
  [255 255 255]
  [255 255 255]
  ...
  [ 27  31   2]
  [ 27  31   2]
  [ 28  32   3]]]"
https://image.bugsm.co.kr/album/images/170/204450/20445020.jpg,crack,³»ÀÏÀº ºñ°¡ ¿Ã±î¿ä,2022.01.13,½Ì±Û,2022,1,13,"[[[255 255 255]
  [255 255 255]
  [255 255 255]
  ...
  [255 255 255]
  [255 255 255]
  [255 255 255]]

 [[255 255 255]
  [255 255 255]
  [255 255 255]
  ...
  [255 255 255]
  [255 255 255]
  [255 255 255]]

 [[255 255 255]
  [255 255 255]
  [255 255 255]
  ...
  [255 255 255]
  [255 255 255]
  [255 255 255]]

 ...

 [[255 255 255]
  [255 255 255]
  [255 255 255]
  ...
  [255 255 255]
  [255 255 255]
  [255 255 255]]

 [[255 255 255]
  [255 255 255]
  [255 255 255]
  ...
  [255 255 255]
  [255 255 255]
  [255 255 255]]

 [[255 255 255]
  [255 255 255]
  [255 255 255]
  ...
  [255 255 255]
  [255 255 255]
  [255 255 255]]]"
https://image.bugsm.co.kr/album/images/170/204450/20445010.jpg,13êÅ,¾ÈµÇ´Â °É ¾ËÁö¸¸,2022.01.13,½Ì±Û,2022,1,13,"[[[ 8  3  2]
  [ 8  3  2]
  [ 8  3  2]
  ...
  [11  3  3]
  [10  3  0]
  [11  4  1]]

 [[ 9  4  3]
  [ 8  3  2]
  [ 7  2  1]
  ...
  [11  3  3]
  [11  4  1]
  [11  4  1]]

 [[ 9  4  3]
  [ 9  4  3]
  [ 9  4  3]
  ...
  [12  2  2]
  [14  4  4]
  [14  4  4]]

 ...

 [[ 6  7 11]
  [ 8  7 11]
  [ 7  6  8]
  ...
  [51 29 23]
  [50 28 22]
  [47 28 21]]

 [[ 7  6 10]
  [ 9  8 12]
  [ 8  7 11]
  ...
  [49 27 21]
  [48 26 21]
  [51 29 24]]

 [[ 9  8 12]
  [ 7  6 10]
  [ 9  8 12]
  ...
  [48 26 20]
  [46 24 19]
  [51 29 24]]]"
https://image.bugsm.co.kr/album/images/170/204449/20444968.jpg,¼­Àº¼Û,¸ð·¡¾Ë,2022.01.13,½Ì±Û,2022,1,13,"[[[ 44  63 168]
  [ 40  58 159]
  [ 38  54 151]
  ...
  [138 111 151]
  [153 123 176]
  [133 101 160]]

 [[ 48  62 168]
  [ 47  62 165]
  [ 45  60 160]
  ...
  [153 126 165]
  [163 133 182]
  [133 102 157]]

 [[ 56  63 172]
  [ 55  65 172]
  [ 50  63 167]
  ...
  [153 122 159]
  [149 119 162]
  [113  84 129]]

 ...

 [[184 213 218]
  [183 212 217]
  [184 214 219]
  ...
  [125 172 200]
  [129 173 214]
  [113 157 204]]

 [[176 203 207]
  [186 213 217]
  [190 216 222]
  ...
  [110 156 197]
  [110 148 206]
  [ 97 131 197]]

 [[177 204 208]
  [186 213 217]
  [191 215 221]
  ...
  [106 153 197]
  [ 91 125 191]
  [ 79 108 183]]]"
https://image.bugsm.co.kr/album/images/170/204449/20444901.jpg,"ÇØ,ºû(Habit)",·¯ºê·¹ÅÍ,2022.01.13,½Ì±Û,2022,1,13,"[[[201 162 123]
  [201 162 123]
  [201 162 123]
  ...
  [204 164 129]
  [204 164 129]
  [204 164 129]]

 [[202 163 124]
  [201 162 123]
  [201 162 123]
  ...
  [203 163 128]
  [205 165 130]
  [205 165 130]]

 [[203 164 125]
  [202 163 124]
  [202 163 124]
  ...
  [207 167 132]
  [205 167 132]
  [205 167 132]]

 ...

 [[120 129 138]
  [121 130 139]
  [121 130 139]
  ...
  [117 127 134]
  [117 128 132]
  [117 129 133]]

 [[121 132 140]
  [120 131 139]
  [120 131 139]
  ...
  [116 127 131]
  [117 128 132]
  [115 126 130]]

 [[123 136 144]
  [121 134 142]
  [122 133 141]
  ...
  [122 131 135]
  [118 129 133]
  [117 128 132]]]"
https://image.bugsm.co.kr/album/images/170/204448/20444896.jpg,SINDY,»õ º® (NEW WALLS),2022.01.13,½Ì±Û,2022,1,13,"[[[252 252 252]
  [252 252 252]
  [251 251 251]
  ...
  [251 251 251]
  [249 249 249]
  [247 247 247]]

 [[253 253 253]
  [253 253 253]
  [253 253 253]
  ...
  [253 253 253]
  [252 252 252]
  [250 250 250]]

 [[254 254 254]
  [252 252 252]
  [249 249 249]
  ...
  [255 255 255]
  [255 255 255]
  [254 254 254]]

 ...

 [[251 251 251]
  [252 252 252]
  [251 251 251]
  ...
  [252 252 252]
  [252 252 252]
  [252 252 252]]

 [[250 250 250]
  [250 250 250]
  [250 250 250]
  ...
  [251 251 251]
  [251 251 251]
  [252 252 252]]

 [[251 251 251]
  [252 252 252]
  [251 251 251]
  ...
  [251 251 251]
  [251 251 251]
  [252 252 252]]]"
https://image.bugsm.co.kr/album/images/170/204448/20444893.jpg,´ÙÈò,¾ÆÀÌ,2022.01.13,½Ì±Û,2022,1,13,"[[[184 183 192]
  [180 179 188]
  [180 180 186]
  ...
  [181 180 189]
  [180 180 186]
  [180 180 186]]

 [[180 179 188]
  [175 174 183]
  [176 176 182]
  ...
  [177 176 185]
  [176 176 182]
  [176 176 182]]

 [[181 181 187]
  [177 177 183]
  [177 177 183]
  ...
  [178 177 186]
  [176 175 184]
  [177 176 185]]

 ...

 [[ 84  77  98]
  [ 76  69  90]
  [ 76  68  91]
  ...
  [ 71  70  72]
  [ 72  71  73]
  [ 75  72  74]]

 [[ 84  78 101]
  [ 75  69  92]
  [ 78  70  93]
  ...
  [ 71  70  74]
  [ 74  73  75]
  [ 73  72  74]]

 [[ 82  76  99]
  [ 74  68  91]
  [ 77  69  92]
  ...
  [ 73  72  76]
  [ 72  71  73]
  [ 71  70  72]]]"
https://image.bugsm.co.kr/album/images/170/204448/20444890.jpg,ÀÓÀçÇ¥,Stay Forever,2022.01.13,½Ì±Û,2022,1,13,"[[[218 211 246]
  [224 216 253]
  [220 209 255]
  ...
  [247 245 245]
  [247 245 244]
  [247 245 244]]

 [[219 216 248]
  [221 215 250]
  [218 210 251]
  ...
  [246 244 244]
  [248 246 245]
  [247 245 244]]

 [[222 227 252]
  [222 224 254]
  [217 213 249]
  ...
  [247 245 245]
  [248 246 245]
  [248 246 245]]

 ...

 [[231 222 248]
  [234 225 251]
  [234 226 249]
  ...
  [219 218 244]
  [235 235 251]
  [237 239 250]]

 [[233 227 250]
  [234 228 251]
  [233 227 250]
  ...
  [206 208 242]
  [221 225 254]
  [220 224 252]]

 [[234 232 252]
  [235 233 253]
  [235 232 254]
  ...
  [198 204 241]
  [195 201 238]
  [201 207 242]]]"
https://image.bugsm.co.kr/album/images/170/204448/20444868.jpg,¸®·ÎÆ®(Relot),II,2022.01.13,½Ì±Û,2022,1,13,"[[[ 17  16  12]
  [ 16  15  11]
  [ 18  15  11]
  ...
  [ 31  25  18]
  [ 64  57  48]
  [ 75  69  58]]

 [[ 15  14  10]
  [ 14  13   9]
  [ 15  14  10]
  ...
  [ 36  30  23]
  [ 42  35  26]
  [ 43  37  26]]

 [[ 15  14  10]
  [ 11  12   8]
  [ 10  11   9]
  ...
  [ 39  33  26]
  [ 36  29  20]
  [ 41  32  23]]

 ...

 [[ 67  59  46]
  [ 73  64  51]
  [100  87  73]
  ...
  [144 130 107]
  [148 134 111]
  [150 136 113]]

 [[122 110  92]
  [131 117  99]
  [126 112  94]
  ...
  [131 117  95]
  [134 120  98]
  [134 120  98]]

 [[114 100  78]
  [130 116  94]
  [118 103  84]
  ...
  [126 112  90]
  [127 113  91]
  [127 113  91]]]"
https://image.bugsm.co.kr/album/images/170/204448/20444828.jpg,SoPhone NOTE,³Í.,2022.01.13,½Ì±Û,2022,1,13,"[[[178 193 212]
  [178 193 212]
  [179 193 212]
  ...
  [181 192 212]
  [181 192 212]
  [181 192 212]]

 [[178 193 212]
  [178 193 212]
  [180 194 213]
  ...
  [182 193 213]
  [181 192 212]
  [181 192 212]]

 [[179 193 212]
  [180 194 213]
  [180 194 212]
  ...
  [180 194 213]
  [179 193 212]
  [179 193 212]]

 ...

 [[181 192 212]
  [182 193 213]
  [180 194 213]
  ...
  [180 194 212]
  [180 194 213]
  [179 193 212]]

 [[180 194 212]
  [179 193 211]
  [180 194 213]
  ...
  [180 194 213]
  [179 193 211]
  [179 193 211]]

 [[179 193 211]
  [179 193 211]
  [180 194 213]
  ...
  [179 193 212]
  [179 193 211]
  [179 193 211]]]"
https://image.bugsm.co.kr/album/images/170/204447/20444771.jpg,ÀÌµç(Lee Deun),À§ÇØ,2022.01.13,½Ì±Û,2022,1,13,"[[[133 126 123]
  [156 149 146]
  [146 142 137]
  ...
  [ 32  22  15]
  [ 37  29  22]
  [ 32  24  17]]

 [[156 149 146]
  [150 143 140]
  [113 109 104]
  ...
  [ 39  29  22]
  [ 33  25  18]
  [ 30  22  15]]

 [[158 154 149]
  [107 103  98]
  [124 118 113]
  ...
  [ 37  27  20]
  [ 31  21  14]
  [ 36  25  21]]

 ...

 [[ 61  48  22]
  [ 56  43  17]
  [ 62  50  22]
  ...
  [ 22  11   7]
  [ 20   9   5]
  [ 22  11   7]]

 [[ 61  47  18]
  [ 64  50  21]
  [ 58  44  15]
  ...
  [ 28  17  13]
  [ 24  16   9]
  [ 23  15   8]]

 [[ 62  49  17]
  [ 68  55  23]
  [ 66  51  19]
  ...
  [ 25  14  10]
  [ 21  13   6]
  [ 20  12   5]]]"
https://image.bugsm.co.kr/album/images/170/204446/20444691.jpg,Animal Divers,Drive through the purple city,2022.01.13,½Ì±Û,2022,1,13,"[[[10  7  3]
  [10  7  3]
  [ 8  6  5]
  ...
  [29 25 20]
  [29 25 20]
  [29 25 20]]

 [[11  8  4]
  [10  7  3]
  [ 9  7  6]
  ...
  [32 28 23]
  [32 28 23]
  [32 28 23]]

 [[11  8  4]
  [ 8  7  3]
  [ 6  7  5]
  ...
  [34 28 23]
  [34 28 23]
  [36 30 25]]

 ...

 [[ 4  7 12]
  [ 4  7 12]
  [ 4  6 14]
  ...
  [ 4 24 35]
  [ 9 21 27]
  [15 24 27]]

 [[ 6  9 13]
  [ 3  6 10]
  [ 4  4 10]
  ...
  [11 23 29]
  [18 25 28]
  [17 25 25]]

 [[ 4  7 11]
  [ 1  4  8]
  [ 1  1  7]
  ...
  [16 23 26]
  [17 22 25]
  [16 21 22]]]"
https://image.bugsm.co.kr/album/images/170/204444/20444425.jpg,Brick(ºê¸¯),Hold On,2022.01.13,½Ì±Û,2022,1,13,"[[[ 24  60 136]
  [ 24  60 136]
  [ 25  62 136]
  ...
  [ 30  62 111]
  [ 30  67 117]
  [ 33  73 122]]

 [[ 24  60 136]
  [ 25  61 137]
  [ 25  62 136]
  ...
  [ 30  62 111]
  [ 31  68 118]
  [ 32  72 121]]

 [[ 25  61 137]
  [ 26  62 138]
  [ 26  63 137]
  ...
  [ 31  64 113]
  [ 35  73 121]
  [ 35  75 123]]

 ...

 [[ 86  73  71]
  [ 86  76  76]
  [ 77  72  74]
  ...
  [103 106  61]
  [102 108  59]
  [100 107  56]]

 [[ 93  63  58]
  [ 96  69  65]
  [ 87  67  66]
  ...
  [103 105  63]
  [103 106  60]
  [102 106  57]]

 [[110  71  63]
  [104  70  64]
  [ 94  67  63]
  ...
  [104 106  64]
  [103 106  61]
  [102 105  59]]]"
https://image.bugsm.co.kr/album/images/170/204424/20442460.jpg,ÀÌ¸£´Ù (irda),¹«±â·ÂÁõ,2022.01.13,½Ì±Û,2022,1,13,"[[[63 58 55]
  [56 51 48]
  [58 53 52]
  ...
  [57 53 48]
  [62 53 49]
  [50 41 37]]

 [[57 52 49]
  [67 62 59]
  [65 60 59]
  ...
  [59 53 48]
  [58 49 45]
  [55 46 42]]

 [[57 52 49]
  [66 61 58]
  [58 51 48]
  ...
  [55 48 45]
  [52 43 39]
  [54 45 41]]

 ...

 [[59 87 41]
  [42 76 22]
  [30 74  7]
  ...
  [46 91 18]
  [50 95 22]
  [35 80  7]]

 [[48 87 25]
  [39 82 15]
  [37 86 10]
  ...
  [29 71  6]
  [39 82 15]
  [45 89 22]]

 [[36 80 11]
  [37 83 10]
  [45 95 17]
  ...
  [39 80 19]
  [39 80 18]
  [44 87 22]]]"
https://image.bugsm.co.kr/album/images/170/40701/4070110.jpg,À¯Å°Ä«,"Moonset with KozyPop (ÄÚÁöÆË X À¯Å°Ä«, ±è¹ÌÁ¤)",2022.01.13,½Ì±Û,2022,1,13,"[[[136  56  25]
  [134  54  23]
  [137  55  24]
  ...
  [201 136  97]
  [198 136  96]
  [197 135  95]]

 [[133  53  22]
  [132  52  21]
  [132  50  19]
  ...
  [198 133  94]
  [196 134  94]
  [195 133  93]]

 [[135  53  22]
  [133  51  20]
  [134  53  20]
  ...
  [198 133  94]
  [197 132  93]
  [197 132  93]]

 ...

 [[ 87  77 120]
  [ 85  75 118]
  [ 85  75 118]
  ...
  [ 18  13  12]
  [ 17  12  13]
  [ 18  13  14]]

 [[ 85  75 121]
  [ 82  73 116]
  [ 83  73 116]
  ...
  [ 17  11  12]
  [ 17  12  13]
  [ 17  12  13]]

 [[ 84  74 120]
  [ 82  72 118]
  [ 82  72 115]
  ...
  [ 18  12  13]
  [ 17  12  13]
  [ 17  12  13]]]"
https://image.bugsm.co.kr/album/images/170/40701/4070104.jpg,Àåº¸¿ø,»©¾Ñ±äÀÏ»ó,2022.01.13,½Ì±Û,2022,1,13,"[[[169 172 170]
  [170 173 171]
  [173 176 174]
  ...
  [215 226 234]
  [216 228 234]
  [215 227 233]]

 [[171 174 172]
  [172 175 173]
  [174 177 175]
  ...
  [214 225 233]
  [213 225 231]
  [213 225 231]]

 [[170 173 171]
  [170 173 171]
  [173 176 174]
  ...
  [213 225 231]
  [213 225 231]
  [214 226 232]]

 ...

 [[ 25  27  27]
  [ 25  27  27]
  [ 27  27  27]
  ...
  [216 227 235]
  [215 226 234]
  [215 226 234]]

 [[ 30  32  32]
  [ 27  29  29]
  [ 28  28  28]
  ...
  [216 227 235]
  [216 227 235]
  [214 225 233]]

 [[ 39  41  41]
  [ 31  33  33]
  [ 30  30  30]
  ...
  [216 227 235]
  [214 225 233]
  [213 224 232]]]"
https://image.bugsm.co.kr/album/images/170/40701/4070103.jpg,THE PIECES(´õ ÇÇ½º),PIECE-7 : ¹ÚÁøÈÖ,2022.01.13,½Ì±Û,2022,1,13,"[[[243 237 255]
  [235 233 253]
  [232 232 250]
  ...
  [150 168 245]
  [148 169 244]
  [158 180 252]]

 [[223 207 241]
  [233 220 252]
  [242 232 255]
  ...
  [155 174 249]
  [158 177 250]
  [156 178 249]]

 [[219 184 240]
  [219 184 240]
  [221 189 243]
  ...
  [163 179 248]
  [161 180 248]
  [161 182 250]]

 ...

 [[186 175 245]
  [186 175 245]
  [186 174 246]
  ...
  [172 171 245]
  [162 167 242]
  [161 167 244]]

 [[184 173 243]
  [184 173 243]
  [181 170 242]
  ...
  [131 136 238]
  [126 133 236]
  [126 133 236]]

 [[186 175 245]
  [184 173 243]
  [182 171 243]
  ...
  [127 138 252]
  [127 134 251]
  [130 137 254]]]"
https://image.bugsm.co.kr/album/images/170/40700/4070093.jpg,ÃÖ¿µ¸°,ÀÛÀº º° (Çý¼º),2022.01.13,½Ì±Û,2022,1,13,"[[[20 11  8]
  [19 10  7]
  [21  9  7]
  ...
  [27 15  9]
  [27 15  9]
  [27 15  9]]

 [[19 10  7]
  [19 10  7]
  [20  8  6]
  ...
  [27 15  9]
  [26 14  8]
  [27 15  9]]

 [[19 10  7]
  [19 10  7]
  [21  9  7]
  ...
  [27 15  9]
  [26 15  7]
  [26 15  7]]

 ...

 [[29 24  9]
  [29 24  9]
  [31 24  9]
  ...
  [35 22 20]
  [35 22 20]
  [37 24 22]]

 [[29 24  9]
  [29 24  9]
  [31 24  9]
  ...
  [35 23 21]
  [35 23 21]
  [36 24 22]]

 [[29 24  9]
  [29 24  9]
  [33 24 10]
  ...
  [36 24 22]
  [35 23 21]
  [37 25 23]]]"
https://image.bugsm.co.kr/album/images/170/40698/4069854.jpg,SOUND PALETTE,PALETTE D#808.,2022.01.13,½Ì±Û,2022,1,13,"[[[164 154 167]
  [158 148 161]
  [163 151 163]
  ...
  [ 95  67  67]
  [ 97  69  69]
  [ 95  67  67]]

 [[160 150 163]
  [152 142 155]
  [162 150 162]
  ...
  [ 95  67  67]
  [ 97  69  69]
  [ 94  66  66]]

 [[161 151 164]
  [163 153 166]
  [162 150 162]
  ...
  [ 95  67  67]
  [ 94  68  68]
  [ 91  65  65]]

 ...

 [[211 176 172]
  [211 176 172]
  [211 176 173]
  ...
  [ 44  27  30]
  [ 42  25  28]
  [ 43  26  29]]

 [[211 178 175]
  [211 176 173]
  [210 175 171]
  ...
  [ 43  26  29]
  [ 44  27  30]
  [ 43  26  29]]

 [[212 179 176]
  [211 178 175]
  [212 175 171]
  ...
  [ 44  27  30]
  [ 45  28  31]
  [ 44  27  30]]]"
https://image.bugsm.co.kr/album/images/170/204448/20444827.jpg,The Glass(´õ ±Û¶ó½º),How Can I get You?,2022.01.12,EP(¹Ì´Ï),2022,1,12,"[[[149 168 189]
  [149 168 189]
  [149 168 189]
  ...
  [141 156 172]
  [139 156 169]
  [139 156 169]]

 [[148 167 188]
  [150 169 190]
  [148 167 188]
  ...
  [139 155 171]
  [138 154 170]
  [139 156 169]]

 [[148 167 188]
  [147 166 187]
  [148 165 184]
  ...
  [138 154 170]
  [138 154 170]
  [136 155 170]]

 ...

 [[  2  85 100]
  [ 17 103 123]
  [  0  78 115]
  ...
  [126 152 188]
  [128 154 190]
  [127 153 189]]

 [[  0  69  86]
  [  2  78 100]
  [  7  85 122]
  ...
  [130 153 191]
  [130 154 190]
  [129 153 189]]

 [[  0  62  79]
  [  0  69  91]
  [ 20  95 133]
  ...
  [131 154 192]
  [130 154 190]
  [129 153 189]]]"
https://image.bugsm.co.kr/album/images/170/204448/20444814.jpg,´ÜÅ×,°Ü¿ïÀÇ ³¡ÀÚ¶ô,2022.01.12,EP(¹Ì´Ï),2022,1,12,"[[[ 3  4  8]
  [ 3  4  8]
  [ 3  4  8]
  ...
  [ 3  4  8]
  [ 3  4  8]
  [ 3  4  8]]

 [[ 3  4  8]
  [ 3  4  8]
  [ 3  4  8]
  ...
  [ 3  4  8]
  [ 3  4  8]
  [ 3  4  8]]

 [[ 3  4  8]
  [ 3  4  8]
  [ 3  4  8]
  ...
  [ 3  4  8]
  [ 3  4  8]
  [ 3  4  8]]

 ...

 [[ 4  5  9]
  [ 4  5  9]
  [ 4  5  9]
  ...
  [ 4  5  9]
  [ 4  5  9]
  [ 4  5  9]]

 [[ 0  2  3]
  [ 0  2  3]
  [ 0  1  5]
  ...
  [ 0  1  5]
  [ 0  2  3]
  [ 0  2  3]]

 [[30 32 33]
  [30 32 33]
  [30 31 35]
  ...
  [30 31 35]
  [30 32 33]
  [30 32 33]]]"
https://image.bugsm.co.kr/album/images/170/204448/20444804.jpg,YEDD,Silent Holidays,2022.01.12,EP(¹Ì´Ï),2022,1,12,"[[[ 35  39  44]
  [ 36  40  45]
  [ 36  40  45]
  ...
  [ 39  47  54]
  [ 36  44  51]
  [ 35  44  48]]

 [[ 34  38  43]
  [ 36  40  45]
  [ 36  40  45]
  ...
  [ 42  49  58]
  [ 40  48  55]
  [ 38  47  51]]

 [[ 35  39  44]
  [ 36  40  45]
  [ 36  40  45]
  ...
  [ 45  52  61]
  [ 45  50  59]
  [ 43  49  56]]

 ...

 [[ 31  39  46]
  [ 30  38  45]
  [ 31  39  46]
  ...
  [111 149 191]
  [108 143 186]
  [ 99 135 175]]

 [[ 27  36  40]
  [ 28  36  43]
  [ 30  36  43]
  ...
  [108 146 188]
  [103 139 179]
  [ 96 132 170]]

 [[ 51  60  64]
  [ 52  61  65]
  [ 54  59  68]
  ...
  [117 156 195]
  [114 149 189]
  [106 142 180]]]"
https://image.bugsm.co.kr/album/images/170/204445/20444528.jpg,±â¹¦,sunset,2022.01.12,EP(¹Ì´Ï),2022,1,12,"[[[82 52 63]
  [82 52 63]
  [84 52 63]
  ...
  [ 2  3  7]
  [ 5  4  8]
  [11 10 14]]

 [[82 52 65]
  [82 52 63]
  [82 52 65]
  ...
  [ 2  3  7]
  [ 6  5  9]
  [ 7  6 10]]

 [[79 50 65]
  [79 51 64]
  [80 51 66]
  ...
  [ 3  4  8]
  [ 3  4  8]
  [ 4  5  9]]

 ...

 [[ 2  3  7]
  [ 5  5 11]
  [ 3  5 13]
  ...
  [ 1  2  6]
  [ 1  2  6]
  [ 1  2  6]]

 [[ 3  6 11]
  [ 3  6 11]
  [ 4  6 14]
  ...
  [ 2  3  7]
  [ 2  3  7]
  [ 2  3  7]]

 [[ 3  6 11]
  [ 2  5 10]
  [ 2  4 12]
  ...
  [ 1  2  6]
  [ 2  3  7]
  [ 2  3  7]]]"
https://image.bugsm.co.kr/album/images/170/204443/20444371.jpg,A/S (Artificial Spirit),Nature Tone,2022.01.12,EP(¹Ì´Ï),2022,1,12,"[[[ 3  3  3]
  [ 2  2  2]
  [ 2  2  2]
  ...
  [ 1  1  1]
  [ 1  1  1]
  [ 1  1  1]]

 [[ 2  2  2]
  [ 2  2  2]
  [ 1  1  1]
  ...
  [ 1  1  1]
  [ 1  1  1]
  [ 1  1  1]]

 [[ 2  2  2]
  [ 1  1  1]
  [ 1  1  1]
  ...
  [ 1  1  1]
  [ 1  1  1]
  [ 1  1  1]]

 ...

 [[65 72 89]
  [63 68 83]
  [64 66 77]
  ...
  [ 4  2  2]
  [ 4  2  2]
  [ 4  2  2]]

 [[69 76 95]
  [65 71 90]
  [66 70 88]
  ...
  [ 4  2  2]
  [ 4  2  2]
  [ 4  2  2]]

 [[58 67 87]
  [59 66 86]
  [63 69 88]
  ...
  [ 4  2  2]
  [ 4  2  2]
  [ 4  2  2]]]"
https://image.bugsm.co.kr/album/images/170/204447/20444774.jpg,Áêµð(JUDY),½º¹°µÑ,2022.01.12,½Ì±Û,2022,1,12,"[[[200 200 246]
  [200 200 246]
  [200 200 246]
  ...
  [200 200 246]
  [200 200 246]
  [200 200 246]]

 [[200 200 246]
  [200 200 246]
  [200 200 246]
  ...
  [200 200 246]
  [200 200 246]
  [200 200 246]]

 [[200 200 246]
  [200 200 246]
  [200 200 246]
  ...
  [200 200 246]
  [200 200 246]
  [200 200 246]]

 ...

 [[200 200 246]
  [200 200 246]
  [200 200 246]
  ...
  [200 200 246]
  [200 200 246]
  [200 200 246]]

 [[200 200 246]
  [200 200 246]
  [200 200 246]
  ...
  [200 200 246]
  [200 200 246]
  [200 200 246]]

 [[200 200 246]
  [200 200 246]
  [200 200 246]
  ...
  [200 200 246]
  [200 200 246]
  [200 200 246]]]"
https://image.bugsm.co.kr/album/images/170/204447/20444731.jpg,°­ÁöÀ½,±×´ë¿¡°Ô ´ê±â¸¦,2022.01.12,½Ì±Û,2022,1,12,"[[[181 193 199]
  [183 195 201]
  [183 192 201]
  ...
  [216 216 216]
  [217 217 217]
  [218 218 218]]

 [[185 196 204]
  [181 192 200]
  [182 191 200]
  ...
  [221 221 221]
  [216 216 216]
  [217 217 217]]

 [[186 195 205]
  [182 191 201]
  [182 191 201]
  ...
  [209 209 209]
  [220 220 220]
  [217 217 217]]

 ...

 [[216 216 216]
  [219 219 219]
  [198 198 198]
  ...
  [201 201 201]
  [222 222 222]
  [214 214 214]]

 [[214 214 214]
  [218 218 218]
  [218 218 218]
  ...
  [219 219 219]
  [221 221 221]
  [221 221 221]]

 [[216 216 216]
  [215 215 215]
  [217 217 217]
  ...
  [220 220 220]
  [220 220 220]
  [220 220 220]]]"
https://image.bugsm.co.kr/album/images/170/204447/20444700.jpg,Æ®·¯½ºÆ®(Trust),Feel It,2022.01.12,½Ì±Û,2022,1,12,"[[[ 87  84  79]
  [ 96  95  91]
  [109 107 106]
  ...
  [134 135 139]
  [128 130 131]
  [120 122 123]]

 [[ 87  84  79]
  [ 96  93  89]
  [105 103 102]
  ...
  [134 136 137]
  [124 126 127]
  [113 115 116]]

 [[ 85  82  77]
  [ 94  91  87]
  [103 101 100]
  ...
  [136 138 139]
  [123 122 124]
  [109 109 109]]

 ...

 [[ 19  13   6]
  [ 18  12   5]
  [ 17  11   4]
  ...
  [ 17  11   6]
  [ 17  11   4]
  [ 16  10   3]]

 [[ 18  12   5]
  [ 18  12   5]
  [ 19  13   6]
  ...
  [ 16  10   3]
  [ 17  11   6]
  [ 17  11   6]]

 [[ 18  12   5]
  [ 18  12   5]
  [ 18  12   5]
  ...
  [ 17  11   4]
  [ 16  10   5]
  [ 16  10   5]]]"
https://image.bugsm.co.kr/album/images/170/204446/20444694.jpg,ÀÌÇÏ´Ã,±× ¸» ¸î ¸¶µð¸é µÆ´Âµ¥,2022.01.12,½Ì±Û,2022,1,12,"[[[200 202 202]
  [193 195 195]
  [199 199 199]
  ...
  [230 233 231]
  [232 235 233]
  [233 237 232]]

 [[205 205 205]
  [194 194 194]
  [198 198 198]
  ...
  [229 231 231]
  [232 235 233]
  [233 237 232]]

 [[209 207 207]
  [197 197 197]
  [200 200 200]
  ...
  [229 229 229]
  [233 234 232]
  [235 236 234]]

 ...

 [[199 201 201]
  [203 205 205]
  [208 208 208]
  ...
  [220 220 220]
  [217 217 217]
  [214 214 214]]

 [[211 211 211]
  [209 209 209]
  [212 212 212]
  ...
  [221 219 219]
  [217 218 216]
  [214 215 213]]

 [[213 213 213]
  [211 211 211]
  [214 214 214]
  ...
  [220 218 218]
  [217 218 216]
  [214 215 213]]]"
https://image.bugsm.co.kr/album/images/170/204446/20444611.jpg,ÀÌÀÇ¿ì (e.ui.woo),ORBIT,2022.01.12,½Ì±Û,2022,1,12,"[[[10  8  7]
  [ 7  5  4]
  [ 7  5  4]
  ...
  [ 8  6  5]
  [ 8  6  5]
  [ 8  6  5]]

 [[11  9  8]
  [ 9  7  6]
  [ 9  7  6]
  ...
  [ 9  7  6]
  [ 9  7  6]
  [ 9  7  6]]

 [[10  8  7]
  [ 9  7  6]
  [ 9  7  6]
  ...
  [ 9  7  6]
  [ 9  7  6]
  [ 9  7  6]]

 ...

 [[ 9  7  6]
  [ 9  7  6]
  [ 9  7  6]
  ...
  [ 9  7  6]
  [ 9  7  6]
  [ 9  7  6]]

 [[ 9  7  6]
  [ 9  7  6]
  [ 9  7  6]
  ...
  [ 9  7  6]
  [ 9  7  6]
  [10  8  7]]

 [[ 9  7  6]
  [ 9  7  6]
  [ 9  7  6]
  ...
  [ 9  7  6]
  [ 9  7  6]
  [10  8  7]]]"
https://image.bugsm.co.kr/album/images/170/204445/20444559.jpg,Lil Kidk,James Bond,2022.01.12,½Ì±Û,2022,1,12,"[[[1 2 6]
  [0 1 5]
  [0 1 5]
  ...
  [0 1 5]
  [0 1 5]
  [1 2 6]]

 [[0 1 5]
  [0 0 4]
  [0 0 4]
  ...
  [0 0 4]
  [0 0 4]
  [0 1 5]]

 [[0 1 5]
  [0 0 4]
  [0 0 4]
  ...
  [0 0 4]
  [0 0 4]
  [0 1 5]]

 ...

 [[0 1 5]
  [0 0 4]
  [0 0 4]
  ...
  [0 0 4]
  [0 0 4]
  [0 1 5]]

 [[0 1 5]
  [0 0 4]
  [0 0 4]
  ...
  [0 0 4]
  [0 0 4]
  [0 1 5]]

 [[2 3 7]
  [1 2 6]
  [1 2 6]
  ...
  [1 2 6]
  [1 2 6]
  [2 3 7]]]"
https://image.bugsm.co.kr/album/images/170/204445/20444538.jpg,Retro Classic (·¹Æ®·Î Å¬·¡½Ä),Pop of Retro Classic Vol.10,2022.01.12,½Ì±Û,2022,1,12,"[[[241 241 241]
  [248 248 248]
  [250 250 250]
  ...
  [190 190 190]
  [189 189 189]
  [183 183 183]]

 [[230 230 230]
  [235 235 235]
  [242 242 242]
  ...
  [192 192 192]
  [182 182 182]
  [164 164 164]]

 [[240 240 240]
  [240 240 240]
  [241 241 241]
  ...
  [185 185 185]
  [169 169 169]
  [156 156 156]]

 ...

 [[212 212 212]
  [213 213 213]
  [215 215 215]
  ...
  [226 226 226]
  [231 231 231]
  [222 222 222]]

 [[208 208 208]
  [211 211 211]
  [211 211 211]
  ...
  [226 226 226]
  [227 227 227]
  [222 222 222]]

 [[209 209 209]
  [211 211 211]
  [210 210 210]
  ...
  [225 225 225]
  [229 229 229]
  [224 224 224]]]"
https://image.bugsm.co.kr/album/images/170/204445/20444511.jpg,DAUL,Fall Down,2022.01.12,½Ì±Û,2022,1,12,"[[[156 218 236]
  [156 218 236]
  [155 217 235]
  ...
  [125  87  87]
  [129  91  91]
  [127  89  89]]

 [[155 217 235]
  [154 216 234]
  [155 217 235]
  ...
  [128  90  90]
  [125  87  87]
  [127  89  89]]

 [[156 218 236]
  [157 219 237]
  [156 218 236]
  ...
  [125  87  87]
  [125  87  87]
  [126  88  88]]

 ...

 [[ 90  62  62]
  [ 88  60  60]
  [ 86  58  58]
  ...
  [109  81  81]
  [111  81  80]
  [110  80  79]]

 [[ 93  65  65]
  [ 91  63  63]
  [ 92  61  62]
  ...
  [110  79  78]
  [111  80  79]
  [108  77  76]]

 [[ 90  62  62]
  [ 89  61  61]
  [ 94  63  64]
  ...
  [114  80  80]
  [112  78  78]
  [110  76  76]]]"
https://image.bugsm.co.kr/album/images/170/204444/20444497.jpg,½Ã¿ù½Ê»çÀÏ (1014),¾ðÁ¨°¡ ³Ê¸¦ ÀÒ°Ô µÈ´Ù¸é,2022.01.12,½Ì±Û,2022,1,12,"[[[252 191 205]
  [251 190 204]
  [250 191 205]
  ...
  [239 168 164]
  [239 168 164]
  [238 167 163]]

 [[251 190 204]
  [251 190 204]
  [250 191 205]
  ...
  [238 167 163]
  [239 168 164]
  [238 167 163]]

 [[251 193 204]
  [249 191 202]
  [250 191 205]
  ...
  [238 167 163]
  [238 167 163]
  [238 167 163]]

 ...

 [[ 87  90 104]
  [ 73  76  90]
  [ 87  90 104]
  ...
  [148 177 184]
  [130 156 162]
  [ 90 114 120]]

 [[ 72  78  89]
  [ 62  66  77]
  [ 61  61  73]
  ...
  [115 154 169]
  [144 176 182]
  [143 170 174]]

 [[ 71  80  90]
  [ 58  64  75]
  [ 48  46  58]
  ...
  [ 62 105 126]
  [ 92 125 134]
  [123 153 154]]]"
https://image.bugsm.co.kr/album/images/170/204444/20444460.jpg,ÀÎµð¾ðÁ¦ÀÌ,ºóÆ¼Áö,2022.01.12,½Ì±Û,2022,1,12,"[[[113 164 204]
  [115 166 206]
  [114 164 206]
  ...
  [113 159 200]
  [123 170 208]
  [120 167 205]]

 [[119 170 210]
  [122 173 213]
  [128 177 217]
  ...
  [131 176 214]
  [127 172 210]
  [120 165 202]]

 [[122 171 209]
  [ 99 148 186]
  [ 97 145 181]
  ...
  [ 96 140 177]
  [102 146 183]
  [129 174 208]]

 ...

 [[115 164 204]
  [108 157 197]
  [ 99 148 188]
  ...
  [ 77 118 151]
  [111 155 192]
  [102 147 184]]

 [[120 169 209]
  [102 151 191]
  [100 151 191]
  ...
  [ 53  93 128]
  [ 81 126 160]
  [108 153 187]]

 [[128 177 217]
  [ 97 146 186]
  [ 94 145 185]
  ...
  [ 81 123 158]
  [ 42  84 119]
  [100 145 179]]]"
https://image.bugsm.co.kr/album/images/170/204444/20444454.jpg,¼¶¸Ó,¸ù»ó,2022.01.12,½Ì±Û,2022,1,12,"[[[13 15 86]
  [12 13 81]
  [12 11 73]
  ...
  [13  9 14]
  [13  9 14]
  [13  9 14]]

 [[10 10 80]
  [10  9 75]
  [ 8  8 68]
  ...
  [13  9 14]
  [13  9 14]
  [13  9 14]]

 [[ 7  7 71]
  [ 9  9 69]
  [10  9 65]
  ...
  [13  9 14]
  [13  9 14]
  [13  9 14]]

 ...

 [[11 10 20]
  [11 10 20]
  [11 10 20]
  ...
  [16 14 90]
  [17 14 86]
  [13 11 81]]

 [[12  9 18]
  [11  8 17]
  [11  8 17]
  ...
  [10  9 73]
  [18 15 77]
  [12  7 69]]

 [[12 10 16]
  [12 10 16]
  [14  9 18]
  ...
  [ 3  2 58]
  [10  4 63]
  [12  6 65]]]"
https://image.bugsm.co.kr/album/images/170/204444/20444442.jpg,¸ÓÇÉ (MUFFIN),À§·Î,2022.01.12,½Ì±Û,2022,1,12,"[[[194 193 189]
  [193 192 188]
  [191 187 182]
  ...
  [187 189 190]
  [189 192 197]
  [190 193 201]]

 [[193 192 188]
  [190 189 185]
  [192 189 184]
  ...
  [191 193 194]
  [195 198 203]
  [194 198 203]]

 [[191 190 186]
  [191 190 186]
  [195 192 188]
  ...
  [192 193 197]
  [191 194 198]
  [195 198 202]]

 ...

 [[ 66 106  94]
  [ 15  54  39]
  [ 18  48  35]
  ...
  [ 56 113 105]
  [ 56 115 107]
  [ 57 117 109]]

 [[ 42  84  73]
  [ 25  65  53]
  [ 21  56  42]
  ...
  [ 40  93  84]
  [ 43 102  94]
  [ 57 119 113]]

 [[ 38  80  69]
  [ 36  76  64]
  [ 40  76  64]
  ...
  [ 39  92  83]
  [ 50 109 101]
  [ 43 105  99]]]"
https://image.bugsm.co.kr/album/images/170/204444/20444429.jpg,Á¶°æÀ±,µ¿È­.1,2022.01.12,½Ì±Û,2022,1,12,"[[[199 199 199]
  [199 199 199]
  [199 199 199]
  ...
  [204 204 204]
  [203 203 203]
  [204 204 204]]

 [[199 199 199]
  [199 199 199]
  [199 199 199]
  ...
  [204 204 204]
  [204 204 204]
  [204 204 204]]

 [[199 199 199]
  [200 200 200]
  [200 200 200]
  ...
  [204 204 204]
  [204 204 204]
  [204 204 204]]

 ...

 [[237 237 237]
  [237 237 237]
  [237 237 237]
  ...
  [245 245 245]
  [237 237 237]
  [237 237 237]]

 [[237 237 237]
  [237 237 237]
  [237 237 237]
  ...
  [237 237 237]
  [237 237 237]
  [237 237 237]]

 [[237 237 237]
  [237 237 237]
  [237 237 237]
  ...
  [237 237 237]
  [237 237 237]
  [237 237 237]]]"
